{
  "ExpressionLimit": {"Type": "First"},
  "CollapseSettings": {
    "CollapseType": "ERA",
    "EraPad": 0
  },
  "CensorWindow": {
    "StartDate": null,
    "EndDate": null
  },
  "ConceptSets": [{
    "expression": {"items": [
      {
        "isExcluded": false,
        "concept": {
          "INVALID_REASON_CAPTION": "Valid",
          "CONCEPT_ID": 9201,
          "STANDARD_CONCEPT": "S",
          "CONCEPT_CODE": "IP",
          "VOCABULARY_ID": "Visit",
          "CONCEPT_NAME": "Inpatient Visit",
          "DOMAIN_ID": "Visit",
          "STANDARD_CONCEPT_CAPTION": "Standard",
          "CONCEPT_CLASS_ID": "Visit",
          "INVALID_REASON": "V"
        },
        "includeMapped": false,
        "includeDescendants": true
      },
      {
        "isExcluded": false,
        "concept": {
          "INVALID_REASON_CAPTION": "Valid",
          "CONCEPT_ID": 262,
          "STANDARD_CONCEPT": "S",
          "CONCEPT_CODE": "ERIP",
          "VOCABULARY_ID": "Visit",
          "CONCEPT_NAME": "Emergency Room and Inpatient Visit",
          "DOMAIN_ID": "Visit",
          "STANDARD_CONCEPT_CAPTION": "Standard",
          "CONCEPT_CLASS_ID": "Visit",
          "INVALID_REASON": "V"
        },
        "includeMapped": false,
        "includeDescendants": true
      },
      {
        "isExcluded": false,
        "concept": {
          "INVALID_REASON_CAPTION": "Valid",
          "CONCEPT_ID": 9203,
          "STANDARD_CONCEPT": "S",
          "CONCEPT_CODE": "ER",
          "VOCABULARY_ID": "Visit",
          "CONCEPT_NAME": "Emergency Room Visit",
          "DOMAIN_ID": "Visit",
          "STANDARD_CONCEPT_CAPTION": "Standard",
          "CONCEPT_CLASS_ID": "Visit",
          "INVALID_REASON": "V"
        },
        "includeMapped": false,
        "includeDescendants": true
      }
    ]},
    "name": "Hospitalization",
    "id": 0
  }],
  "cdmVersionRange": ">=5.0.0",
  "CensoringCriteria": [],
  "QualifiedLimit": {"Type": "First"},
  "InclusionRules": [],
  "PrimaryCriteria": {
    "CriteriaList": [{"VisitOccurrence": {
      "OccurrenceEndDate": null,
      "VisitLength": {
        "Op": "gte",
        "Extent": null,
        "Value": 30
      },
      "CorrelatedCriteria": null,
      "VisitSourceConcept": null,
      "CodesetId": 0,
      "VisitTypeExclude": false,
      "ProviderSpecialty": null,
      "Gender": null,
      "PlaceOfServiceLocation": null,
      "PlaceOfService": null,
      "VisitType": null,
      "First": null,
      "OccurrenceStartDate": null,
      "Age": null
    }}],
    "PrimaryCriteriaLimit": {"Type": "First"},
    "ObservationWindow": {
      "PostDays": 0,
      "PriorDays": 0
    }
  }
}