{
  "ExpressionLimit": {"Type": "All"},
  "CollapseSettings": {
    "CollapseType": "ERA",
    "EraPad": 30
  },
  "CensorWindow": {
    "StartDate": null,
    "EndDate": null
  },
  "ConceptSets": [
    {
      "expression": {"items": [
        {
          "isExcluded": false,
          "concept": {
            "INVALID_REASON_CAPTION": "Valid",
            "CONCEPT_ID": 262,
            "STANDARD_CONCEPT": "S",
            "CONCEPT_CODE": "ERIP",
            "VOCABULARY_ID": "Visit",
            "CONCEPT_NAME": "Emergency Room and Inpatient Visit",
            "DOMAIN_ID": "Visit",
            "STANDARD_CONCEPT_CAPTION": "Standard",
            "CONCEPT_CLASS_ID": "Visit",
            "INVALID_REASON": "V"
          },
          "includeMapped": false,
          "includeDescendants": true
        },
        {
          "isExcluded": false,
          "concept": {
            "INVALID_REASON_CAPTION": "Valid",
            "CONCEPT_ID": 9201,
            "STANDARD_CONCEPT": "S",
            "CONCEPT_CODE": "IP",
            "VOCABULARY_ID": "Visit",
            "CONCEPT_NAME": "Inpatient Visit",
            "DOMAIN_ID": "Visit",
            "STANDARD_CONCEPT_CAPTION": "Standard",
            "CONCEPT_CLASS_ID": "Visit",
            "INVALID_REASON": "V"
          },
          "includeMapped": false,
          "includeDescendants": true
        },
        {
          "isExcluded": false,
          "concept": {
            "INVALID_REASON_CAPTION": "Valid",
            "CONCEPT_ID": 9203,
            "STANDARD_CONCEPT": "S",
            "CONCEPT_CODE": "ER",
            "VOCABULARY_ID": "Visit",
            "CONCEPT_NAME": "Emergency Room Visit",
            "DOMAIN_ID": "Visit",
            "STANDARD_CONCEPT_CAPTION": "Standard",
            "CONCEPT_CLASS_ID": "Visit",
            "INVALID_REASON": "V"
          },
          "includeMapped": false,
          "includeDescendants": true
        }
      ]},
      "name": "[OHDSI Covid19 v1] Inpatient Visit",
      "id": 4
    },
    {
      "expression": {"items": [
        {
          "isExcluded": false,
          "concept": {
            "INVALID_REASON_CAPTION": "Valid",
            "CONCEPT_ID": 4230167,
            "STANDARD_CONCEPT": "S",
            "CONCEPT_CODE": "40617009",
            "VOCABULARY_ID": "SNOMED",
            "CONCEPT_NAME": "Artificial respiration",
            "DOMAIN_ID": "Procedure",
            "STANDARD_CONCEPT_CAPTION": "Standard",
            "CONCEPT_CLASS_ID": "Procedure",
            "INVALID_REASON": "V"
          },
          "includeMapped": false,
          "includeDescendants": true
        },
        {
          "isExcluded": true,
          "concept": {
            "INVALID_REASON_CAPTION": "Valid",
            "CONCEPT_ID": 4031379,
            "STANDARD_CONCEPT": "S",
            "CONCEPT_CODE": "129896002",
            "VOCABULARY_ID": "SNOMED",
            "CONCEPT_NAME": "Artificial ventilation finding",
            "DOMAIN_ID": "Condition",
            "STANDARD_CONCEPT_CAPTION": "Standard",
            "CONCEPT_CLASS_ID": "Clinical Finding",
            "INVALID_REASON": "V"
          },
          "includeMapped": false,
          "includeDescendants": true
        },
        {
          "isExcluded": false,
          "concept": {
            "INVALID_REASON_CAPTION": "Valid",
            "CONCEPT_ID": 40481547,
            "STANDARD_CONCEPT": "S",
            "CONCEPT_CODE": "444932008",
            "VOCABULARY_ID": "SNOMED",
            "CONCEPT_NAME": "Dependence on ventilator",
            "DOMAIN_ID": "Condition",
            "STANDARD_CONCEPT_CAPTION": "Standard",
            "CONCEPT_CLASS_ID": "Clinical Finding",
            "INVALID_REASON": "V"
          },
          "includeMapped": false,
          "includeDescendants": true
        },
        {
          "isExcluded": true,
          "concept": {
            "INVALID_REASON_CAPTION": "Valid",
            "CONCEPT_ID": 4074663,
            "STANDARD_CONCEPT": "S",
            "CONCEPT_CODE": "243145001",
            "VOCABULARY_ID": "SNOMED",
            "CONCEPT_NAME": "Diaphragmatic augmentation",
            "DOMAIN_ID": "Procedure",
            "STANDARD_CONCEPT_CAPTION": "Standard",
            "CONCEPT_CLASS_ID": "Procedure",
            "INVALID_REASON": "V"
          },
          "includeMapped": false,
          "includeDescendants": true
        },
        {
          "isExcluded": false,
          "concept": {
            "INVALID_REASON_CAPTION": "Valid",
            "CONCEPT_ID": 4080957,
            "STANDARD_CONCEPT": "S",
            "CONCEPT_CODE": "182686001",
            "VOCABULARY_ID": "SNOMED",
            "CONCEPT_NAME": "Endotracheal respiratory assistance",
            "DOMAIN_ID": "Procedure",
            "STANDARD_CONCEPT_CAPTION": "Standard",
            "CONCEPT_CLASS_ID": "Procedure",
            "INVALID_REASON": "V"
          },
          "includeMapped": false,
          "includeDescendants": true
        },
        {
          "isExcluded": false,
          "concept": {
            "INVALID_REASON_CAPTION": "Valid",
            "CONCEPT_ID": 4168966,
            "STANDARD_CONCEPT": "S",
            "CONCEPT_CODE": "419991009",
            "VOCABULARY_ID": "SNOMED",
            "CONCEPT_NAME": "Endotracheal tube present",
            "DOMAIN_ID": "Observation",
            "STANDARD_CONCEPT_CAPTION": "Standard",
            "CONCEPT_CLASS_ID": "Clinical Finding",
            "INVALID_REASON": "V"
          },
          "includeMapped": false,
          "includeDescendants": true
        },
        {
          "isExcluded": true,
          "concept": {
            "INVALID_REASON_CAPTION": "Valid",
            "CONCEPT_ID": 4348300,
            "STANDARD_CONCEPT": "S",
            "CONCEPT_CODE": "243180002",
            "VOCABULARY_ID": "SNOMED",
            "CONCEPT_NAME": "Expired air ventilation",
            "DOMAIN_ID": "Procedure",
            "STANDARD_CONCEPT_CAPTION": "Standard",
            "CONCEPT_CLASS_ID": "Procedure",
            "INVALID_REASON": "V"
          },
          "includeMapped": false,
          "includeDescendants": true
        },
        {
          "isExcluded": true,
          "concept": {
            "INVALID_REASON_CAPTION": "Valid",
            "CONCEPT_ID": 4021786,
            "STANDARD_CONCEPT": "S",
            "CONCEPT_CODE": "225627007",
            "VOCABULARY_ID": "SNOMED",
            "CONCEPT_NAME": "Fear of disconnection from ventilator",
            "DOMAIN_ID": "Condition",
            "STANDARD_CONCEPT_CAPTION": "Standard",
            "CONCEPT_CLASS_ID": "Clinical Finding",
            "INVALID_REASON": "V"
          },
          "includeMapped": false,
          "includeDescendants": true
        },
        {
          "isExcluded": true,
          "concept": {
            "INVALID_REASON_CAPTION": "Valid",
            "CONCEPT_ID": 2108642,
            "STANDARD_CONCEPT": "S",
            "CONCEPT_CODE": "41145",
            "VOCABULARY_ID": "CPT4",
            "CONCEPT_NAME": "Glossectomy; complete or total, with or without tracheostomy, with unilateral radical neck dissection",
            "DOMAIN_ID": "Procedure",
            "STANDARD_CONCEPT_CAPTION": "Standard",
            "CONCEPT_CLASS_ID": "CPT4",
            "INVALID_REASON": "V"
          },
          "includeMapped": false,
          "includeDescendants": true
        },
        {
          "isExcluded": true,
          "concept": {
            "INVALID_REASON_CAPTION": "Valid",
            "CONCEPT_ID": 2108641,
            "STANDARD_CONCEPT": "S",
            "CONCEPT_CODE": "41140",
            "VOCABULARY_ID": "CPT4",
            "CONCEPT_NAME": "Glossectomy; complete or total, with or without tracheostomy, without radical neck dissection",
            "DOMAIN_ID": "Procedure",
            "STANDARD_CONCEPT_CAPTION": "Standard",
            "CONCEPT_CLASS_ID": "CPT4",
            "INVALID_REASON": "V"
          },
          "includeMapped": false,
          "includeDescendants": true
        },
        {
          "isExcluded": false,
          "concept": {
            "INVALID_REASON_CAPTION": "Valid",
            "CONCEPT_ID": 4232550,
            "STANDARD_CONCEPT": "S",
            "CONCEPT_CODE": "439887005",
            "VOCABULARY_ID": "SNOMED",
            "CONCEPT_NAME": "Home visit for mechanical ventilation care",
            "DOMAIN_ID": "Observation",
            "STANDARD_CONCEPT_CAPTION": "Standard",
            "CONCEPT_CLASS_ID": "Procedure",
            "INVALID_REASON": "V"
          },
          "includeMapped": false,
          "includeDescendants": true
        },
        {
          "isExcluded": false,
          "concept": {
            "INVALID_REASON_CAPTION": "Valid",
            "CONCEPT_ID": 4235361,
            "STANDARD_CONCEPT": "S",
            "CONCEPT_CODE": "438603002",
            "VOCABULARY_ID": "SNOMED",
            "CONCEPT_NAME": "Hyperventilation therapy for traumatic brain injury",
            "DOMAIN_ID": "Procedure",
            "STANDARD_CONCEPT_CAPTION": "Standard",
            "CONCEPT_CLASS_ID": "Procedure",
            "INVALID_REASON": "V"
          },
          "includeMapped": false,
          "includeDescendants": true
        },
        {
          "isExcluded": true,
          "concept": {
            "INVALID_REASON_CAPTION": "Valid",
            "CONCEPT_ID": 4107247,
            "STANDARD_CONCEPT": "S",
            "CONCEPT_CODE": "30050007",
            "VOCABULARY_ID": "SNOMED",
            "CONCEPT_NAME": "Inhalation anesthesia, machine system, semi-closed, no rebreathing of primary agent",
            "DOMAIN_ID": "Procedure",
            "STANDARD_CONCEPT_CAPTION": "Standard",
            "CONCEPT_CLASS_ID": "Procedure",
            "INVALID_REASON": "V"
          },
          "includeMapped": false,
          "includeDescendants": true
        },
        {
          "isExcluded": false,
          "concept": {
            "INVALID_REASON_CAPTION": "Valid",
            "CONCEPT_ID": 2745440,
            "STANDARD_CONCEPT": "S",
            "CONCEPT_CODE": "0BH13EZ",
            "VOCABULARY_ID": "ICD10PCS",
            "CONCEPT_NAME": "Insertion of Endotracheal Airway into Trachea, Percutaneous Approach",
            "DOMAIN_ID": "Procedure",
            "STANDARD_CONCEPT_CAPTION": "Standard",
            "CONCEPT_CLASS_ID": "ICD10PCS",
            "INVALID_REASON": "V"
          },
          "includeMapped": false,
          "includeDescendants": true
        },
        {
          "isExcluded": false,
          "concept": {
            "INVALID_REASON_CAPTION": "Valid",
            "CONCEPT_ID": 2745444,
            "STANDARD_CONCEPT": "S",
            "CONCEPT_CODE": "0BH17EZ",
            "VOCABULARY_ID": "ICD10PCS",
            "CONCEPT_NAME": "Insertion of Endotracheal Airway into Trachea, Via Natural or Artificial Opening",
            "DOMAIN_ID": "Procedure",
            "STANDARD_CONCEPT_CAPTION": "Standard",
            "CONCEPT_CLASS_ID": "ICD10PCS",
            "INVALID_REASON": "V"
          },
          "includeMapped": false,
          "includeDescendants": true
        },
        {
          "isExcluded": false,
          "concept": {
            "INVALID_REASON_CAPTION": "Valid",
            "CONCEPT_ID": 2745447,
            "STANDARD_CONCEPT": "S",
            "CONCEPT_CODE": "0BH18EZ",
            "VOCABULARY_ID": "ICD10PCS",
            "CONCEPT_NAME": "Insertion of Endotracheal Airway into Trachea, Via Natural or Artificial Opening Endoscopic",
            "DOMAIN_ID": "Procedure",
            "STANDARD_CONCEPT_CAPTION": "Standard",
            "CONCEPT_CLASS_ID": "ICD10PCS",
            "INVALID_REASON": "V"
          },
          "includeMapped": false,
          "includeDescendants": true
        },
        {
          "isExcluded": false,
          "concept": {
            "INVALID_REASON_CAPTION": "Valid",
            "CONCEPT_ID": 4013354,
            "STANDARD_CONCEPT": "S",
            "CONCEPT_CODE": "112798008",
            "VOCABULARY_ID": "SNOMED",
            "CONCEPT_NAME": "Insertion of endotracheal tube",
            "DOMAIN_ID": "Procedure",
            "STANDARD_CONCEPT_CAPTION": "Standard",
            "CONCEPT_CLASS_ID": "Procedure",
            "INVALID_REASON": "V"
          },
          "includeMapped": false,
          "includeDescendants": true
        },
        {
          "isExcluded": false,
          "concept": {
            "INVALID_REASON_CAPTION": "Valid",
            "CONCEPT_ID": 37116689,
            "STANDARD_CONCEPT": "S",
            "CONCEPT_CODE": "733496000",
            "VOCABULARY_ID": "SNOMED",
            "CONCEPT_NAME": "Insertion of endotracheal ventilation catheter",
            "DOMAIN_ID": "Procedure",
            "STANDARD_CONCEPT_CAPTION": "Standard",
            "CONCEPT_CLASS_ID": "Procedure",
            "INVALID_REASON": "V"
          },
          "includeMapped": false,
          "includeDescendants": true
        },
        {
          "isExcluded": false,
          "concept": {
            "INVALID_REASON_CAPTION": "Valid",
            "CONCEPT_ID": 40487536,
            "STANDARD_CONCEPT": "S",
            "CONCEPT_CODE": "447996002",
            "VOCABULARY_ID": "SNOMED",
            "CONCEPT_NAME": "Intubation of respiratory tract",
            "DOMAIN_ID": "Procedure",
            "STANDARD_CONCEPT_CAPTION": "Standard",
            "CONCEPT_CLASS_ID": "Procedure",
            "INVALID_REASON": "V"
          },
          "includeMapped": false,
          "includeDescendants": true
        },
        {
          "isExcluded": false,
          "concept": {
            "INVALID_REASON_CAPTION": "Valid",
            "CONCEPT_ID": 4332501,
            "STANDARD_CONCEPT": "S",
            "CONCEPT_CODE": "430191008",
            "VOCABULARY_ID": "SNOMED",
            "CONCEPT_NAME": "Management of noninvasive mechanical ventilation",
            "DOMAIN_ID": "Procedure",
            "STANDARD_CONCEPT_CAPTION": "Standard",
            "CONCEPT_CLASS_ID": "Procedure",
            "INVALID_REASON": "V"
          },
          "includeMapped": false,
          "includeDescendants": true
        },
        {
          "isExcluded": false,
          "concept": {
            "INVALID_REASON_CAPTION": "Valid",
            "CONCEPT_ID": 37206832,
            "STANDARD_CONCEPT": "S",
            "CONCEPT_CODE": "787180006",
            "VOCABULARY_ID": "SNOMED",
            "CONCEPT_NAME": "Mechanical insufflation exsufflation",
            "DOMAIN_ID": "Procedure",
            "STANDARD_CONCEPT_CAPTION": "Standard",
            "CONCEPT_CLASS_ID": "Procedure",
            "INVALID_REASON": "V"
          },
          "includeMapped": false,
          "includeDescendants": true
        },
        {
          "isExcluded": true,
          "concept": {
            "INVALID_REASON_CAPTION": "Valid",
            "CONCEPT_ID": 4232891,
            "STANDARD_CONCEPT": "S",
            "CONCEPT_CODE": "404997003",
            "VOCABULARY_ID": "SNOMED",
            "CONCEPT_NAME": "Mechanical ventilation response",
            "DOMAIN_ID": "Observation",
            "STANDARD_CONCEPT_CAPTION": "Standard",
            "CONCEPT_CLASS_ID": "Observable Entity",
            "INVALID_REASON": "V"
          },
          "includeMapped": false,
          "includeDescendants": true
        },
        {
          "isExcluded": false,
          "concept": {
            "INVALID_REASON_CAPTION": "Valid",
            "CONCEPT_ID": 765576,
            "STANDARD_CONCEPT": "S",
            "CONCEPT_CODE": "450601000124103",
            "VOCABULARY_ID": "SNOMED",
            "CONCEPT_NAME": "Orotracheal intubation using bougie device",
            "DOMAIN_ID": "Procedure",
            "STANDARD_CONCEPT_CAPTION": "Standard",
            "CONCEPT_CLASS_ID": "Procedure",
            "INVALID_REASON": "V"
          },
          "includeMapped": false,
          "includeDescendants": true
        },
        {
          "isExcluded": false,
          "concept": {
            "INVALID_REASON_CAPTION": "Valid",
            "CONCEPT_ID": 44509482,
            "STANDARD_CONCEPT": "S",
            "CONCEPT_CODE": "E85.8",
            "VOCABULARY_ID": "OPCS4",
            "CONCEPT_NAME": "Other specified ventilation support",
            "DOMAIN_ID": "Procedure",
            "STANDARD_CONCEPT_CAPTION": "Standard",
            "CONCEPT_CLASS_ID": "Procedure",
            "INVALID_REASON": "V"
          },
          "includeMapped": false,
          "includeDescendants": true
        },
        {
          "isExcluded": false,
          "concept": {
            "INVALID_REASON_CAPTION": "Valid",
            "CONCEPT_ID": 4219858,
            "STANDARD_CONCEPT": "S",
            "CONCEPT_CODE": "397846002",
            "VOCABULARY_ID": "SNOMED",
            "CONCEPT_NAME": "Problem with patient ventilator",
            "DOMAIN_ID": "Observation",
            "STANDARD_CONCEPT_CAPTION": "Standard",
            "CONCEPT_CLASS_ID": "Clinical Finding",
            "INVALID_REASON": "V"
          },
          "includeMapped": false,
          "includeDescendants": true
        },
        {
          "isExcluded": true,
          "concept": {
            "INVALID_REASON_CAPTION": "Valid",
            "CONCEPT_ID": 44808555,
            "STANDARD_CONCEPT": "S",
            "CONCEPT_CODE": "859311000000101",
            "VOCABULARY_ID": "SNOMED",
            "CONCEPT_NAME": "Provision of mechanical ventilator",
            "DOMAIN_ID": "Procedure",
            "STANDARD_CONCEPT_CAPTION": "Standard",
            "CONCEPT_CLASS_ID": "Procedure",
            "INVALID_REASON": "V"
          },
          "includeMapped": false,
          "includeDescendants": true
        },
        {
          "isExcluded": true,
          "concept": {
            "INVALID_REASON_CAPTION": "Valid",
            "CONCEPT_ID": 4006318,
            "STANDARD_CONCEPT": "S",
            "CONCEPT_CODE": "11140008",
            "VOCABULARY_ID": "SNOMED",
            "CONCEPT_NAME": "Respiratory assist, manual",
            "DOMAIN_ID": "Procedure",
            "STANDARD_CONCEPT_CAPTION": "Standard",
            "CONCEPT_CLASS_ID": "Procedure",
            "INVALID_REASON": "V"
          },
          "includeMapped": false,
          "includeDescendants": true
        },
        {
          "isExcluded": true,
          "concept": {
            "INVALID_REASON_CAPTION": "Valid",
            "CONCEPT_ID": 4254108,
            "STANDARD_CONCEPT": "S",
            "CONCEPT_CODE": "74596007",
            "VOCABULARY_ID": "SNOMED",
            "CONCEPT_NAME": "Resuscitation with artificial respiration",
            "DOMAIN_ID": "Procedure",
            "STANDARD_CONCEPT_CAPTION": "Standard",
            "CONCEPT_CLASS_ID": "Procedure",
            "INVALID_REASON": "V"
          },
          "includeMapped": false,
          "includeDescendants": true
        },
        {
          "isExcluded": false,
          "concept": {
            "INVALID_REASON_CAPTION": "Valid",
            "CONCEPT_ID": 4237618,
            "STANDARD_CONCEPT": "S",
            "CONCEPT_CODE": "409025002",
            "VOCABULARY_ID": "SNOMED",
            "CONCEPT_NAME": "Ventilator care",
            "DOMAIN_ID": "Observation",
            "STANDARD_CONCEPT_CAPTION": "Standard",
            "CONCEPT_CLASS_ID": "Procedure",
            "INVALID_REASON": "V"
          },
          "includeMapped": false,
          "includeDescendants": true
        },
        {
          "isExcluded": true,
          "concept": {
            "INVALID_REASON_CAPTION": "Valid",
            "CONCEPT_ID": 4259233,
            "STANDARD_CONCEPT": "S",
            "CONCEPT_CODE": "410208007",
            "VOCABULARY_ID": "SNOMED",
            "CONCEPT_NAME": "Ventilator care assessment",
            "DOMAIN_ID": "Procedure",
            "STANDARD_CONCEPT_CAPTION": "Standard",
            "CONCEPT_CLASS_ID": "Procedure",
            "INVALID_REASON": "V"
          },
          "includeMapped": false,
          "includeDescendants": true
        },
        {
          "isExcluded": true,
          "concept": {
            "INVALID_REASON_CAPTION": "Valid",
            "CONCEPT_ID": 4254905,
            "STANDARD_CONCEPT": "S",
            "CONCEPT_CODE": "410209004",
            "VOCABULARY_ID": "SNOMED",
            "CONCEPT_NAME": "Ventilator care education",
            "DOMAIN_ID": "Procedure",
            "STANDARD_CONCEPT_CAPTION": "Standard",
            "CONCEPT_CLASS_ID": "Procedure",
            "INVALID_REASON": "V"
          },
          "includeMapped": false,
          "includeDescendants": true
        },
        {
          "isExcluded": false,
          "concept": {
            "INVALID_REASON_CAPTION": "Valid",
            "CONCEPT_ID": 4251737,
            "STANDARD_CONCEPT": "S",
            "CONCEPT_CODE": "410210009",
            "VOCABULARY_ID": "SNOMED",
            "CONCEPT_NAME": "Ventilator care management",
            "DOMAIN_ID": "Procedure",
            "STANDARD_CONCEPT_CAPTION": "Standard",
            "CONCEPT_CLASS_ID": "Procedure",
            "INVALID_REASON": "V"
          },
          "includeMapped": false,
          "includeDescendants": true
        },
        {
          "isExcluded": true,
          "concept": {
            "INVALID_REASON_CAPTION": "Valid",
            "CONCEPT_ID": 4353715,
            "STANDARD_CONCEPT": "S",
            "CONCEPT_CODE": "250870006",
            "VOCABULARY_ID": "SNOMED",
            "CONCEPT_NAME": "Ventilator finding",
            "DOMAIN_ID": "Observation",
            "STANDARD_CONCEPT_CAPTION": "Standard",
            "CONCEPT_CLASS_ID": "Clinical Finding",
            "INVALID_REASON": "V"
          },
          "includeMapped": false,
          "includeDescendants": true
        },
        {
          "isExcluded": false,
          "concept": {
            "INVALID_REASON_CAPTION": "Valid",
            "CONCEPT_ID": 44791135,
            "STANDARD_CONCEPT": "S",
            "CONCEPT_CODE": "231821000000109",
            "VOCABULARY_ID": "SNOMED",
            "CONCEPT_NAME": "Ventilatory support",
            "DOMAIN_ID": "Procedure",
            "STANDARD_CONCEPT_CAPTION": "Standard",
            "CONCEPT_CLASS_ID": "Procedure",
            "INVALID_REASON": "V"
          },
          "includeMapped": false,
          "includeDescendants": true
        },
        {
          "isExcluded": false,
          "concept": {
            "INVALID_REASON_CAPTION": "Valid",
            "CONCEPT_ID": 4072633,
            "STANDARD_CONCEPT": "S",
            "CONCEPT_CODE": "243174005",
            "VOCABULARY_ID": "SNOMED",
            "CONCEPT_NAME": "Weaning from mechanically assisted ventilation",
            "DOMAIN_ID": "Procedure",
            "STANDARD_CONCEPT_CAPTION": "Standard",
            "CONCEPT_CLASS_ID": "Procedure",
            "INVALID_REASON": "V"
          },
          "includeMapped": false,
          "includeDescendants": true
        }
      ]},
      "name": "[covid19 v1] Mechanical ventilation",
      "id": 5
    },
    {
      "expression": {"items": [
        {
          "isExcluded": false,
          "concept": {
            "INVALID_REASON_CAPTION": "Valid",
            "CONCEPT_ID": 4337047,
            "STANDARD_CONCEPT": "S",
            "CONCEPT_CODE": "232685002",
            "VOCABULARY_ID": "SNOMED",
            "CONCEPT_NAME": "Insertion of tracheostomy tube",
            "DOMAIN_ID": "Procedure",
            "STANDARD_CONCEPT_CAPTION": "Standard",
            "CONCEPT_CLASS_ID": "Procedure",
            "INVALID_REASON": "V"
          },
          "includeMapped": false,
          "includeDescendants": true
        },
        {
          "isExcluded": false,
          "concept": {
            "INVALID_REASON_CAPTION": "Valid",
            "CONCEPT_ID": 2831237,
            "STANDARD_CONCEPT": "S",
            "CONCEPT_CODE": "0B110F",
            "VOCABULARY_ID": "ICD10PCS",
            "CONCEPT_NAME": "Medical and Surgical @ Respiratory System @ Bypass @ Trachea @ Open @ Tracheostomy Device",
            "DOMAIN_ID": "Procedure",
            "STANDARD_CONCEPT_CAPTION": "Standard",
            "CONCEPT_CLASS_ID": "ICD10PCS Hierarchy",
            "INVALID_REASON": "V"
          },
          "includeMapped": false,
          "includeDescendants": true
        },
        {
          "isExcluded": false,
          "concept": {
            "INVALID_REASON_CAPTION": "Valid",
            "CONCEPT_ID": 2836115,
            "STANDARD_CONCEPT": "S",
            "CONCEPT_CODE": "0B113F",
            "VOCABULARY_ID": "ICD10PCS",
            "CONCEPT_NAME": "Medical and Surgical @ Respiratory System @ Bypass @ Trachea @ Percutaneous @ Tracheostomy Device",
            "DOMAIN_ID": "Procedure",
            "STANDARD_CONCEPT_CAPTION": "Standard",
            "CONCEPT_CLASS_ID": "ICD10PCS Hierarchy",
            "INVALID_REASON": "V"
          },
          "includeMapped": false,
          "includeDescendants": true
        },
        {
          "isExcluded": false,
          "concept": {
            "INVALID_REASON_CAPTION": "Valid",
            "CONCEPT_ID": 2794811,
            "STANDARD_CONCEPT": "S",
            "CONCEPT_CODE": "0B21XF",
            "VOCABULARY_ID": "ICD10PCS",
            "CONCEPT_NAME": "Medical and Surgical @ Respiratory System @ Change @ Trachea @ External @ Tracheostomy Device",
            "DOMAIN_ID": "Procedure",
            "STANDARD_CONCEPT_CAPTION": "Standard",
            "CONCEPT_CLASS_ID": "ICD10PCS Hierarchy",
            "INVALID_REASON": "V"
          },
          "includeMapped": false,
          "includeDescendants": true
        },
        {
          "isExcluded": false,
          "concept": {
            "INVALID_REASON_CAPTION": "Valid",
            "CONCEPT_ID": 2862930,
            "STANDARD_CONCEPT": "S",
            "CONCEPT_CODE": "0BW10F",
            "VOCABULARY_ID": "ICD10PCS",
            "CONCEPT_NAME": "Medical and Surgical @ Respiratory System @ Revision @ Trachea @ Open @ Tracheostomy Device",
            "DOMAIN_ID": "Procedure",
            "STANDARD_CONCEPT_CAPTION": "Standard",
            "CONCEPT_CLASS_ID": "ICD10PCS Hierarchy",
            "INVALID_REASON": "V"
          },
          "includeMapped": false,
          "includeDescendants": true
        },
        {
          "isExcluded": false,
          "concept": {
            "INVALID_REASON_CAPTION": "Valid",
            "CONCEPT_ID": 2870619,
            "STANDARD_CONCEPT": "S",
            "CONCEPT_CODE": "0BW13F",
            "VOCABULARY_ID": "ICD10PCS",
            "CONCEPT_NAME": "Medical and Surgical @ Respiratory System @ Revision @ Trachea @ Percutaneous @ Tracheostomy Device",
            "DOMAIN_ID": "Procedure",
            "STANDARD_CONCEPT_CAPTION": "Standard",
            "CONCEPT_CLASS_ID": "ICD10PCS Hierarchy",
            "INVALID_REASON": "V"
          },
          "includeMapped": false,
          "includeDescendants": true
        },
        {
          "isExcluded": false,
          "concept": {
            "INVALID_REASON_CAPTION": "Valid",
            "CONCEPT_ID": 2829384,
            "STANDARD_CONCEPT": "S",
            "CONCEPT_CODE": "0BW14F",
            "VOCABULARY_ID": "ICD10PCS",
            "CONCEPT_NAME": "Medical and Surgical @ Respiratory System @ Revision @ Trachea @ Percutaneous Endoscopic @ Tracheostomy Device",
            "DOMAIN_ID": "Procedure",
            "STANDARD_CONCEPT_CAPTION": "Standard",
            "CONCEPT_CLASS_ID": "ICD10PCS Hierarchy",
            "INVALID_REASON": "V"
          },
          "includeMapped": false,
          "includeDescendants": true
        },
        {
          "isExcluded": false,
          "concept": {
            "INVALID_REASON_CAPTION": "Valid",
            "CONCEPT_ID": 2829386,
            "STANDARD_CONCEPT": "S",
            "CONCEPT_CODE": "0BW17F",
            "VOCABULARY_ID": "ICD10PCS",
            "CONCEPT_NAME": "Medical and Surgical @ Respiratory System @ Revision @ Trachea @ Via Natural or Artificial Opening @ Tracheostomy Device",
            "DOMAIN_ID": "Procedure",
            "STANDARD_CONCEPT_CAPTION": "Standard",
            "CONCEPT_CLASS_ID": "ICD10PCS Hierarchy",
            "INVALID_REASON": "V"
          },
          "includeMapped": false,
          "includeDescendants": true
        },
        {
          "isExcluded": false,
          "concept": {
            "INVALID_REASON_CAPTION": "Valid",
            "CONCEPT_ID": 2743216,
            "STANDARD_CONCEPT": "S",
            "CONCEPT_CODE": "0BP17FZ",
            "VOCABULARY_ID": "ICD10PCS",
            "CONCEPT_NAME": "Removal of Tracheostomy Device from Trachea, Via Natural or Artificial Opening",
            "DOMAIN_ID": "Procedure",
            "STANDARD_CONCEPT_CAPTION": "Standard",
            "CONCEPT_CLASS_ID": "ICD10PCS",
            "INVALID_REASON": "V"
          },
          "includeMapped": false,
          "includeDescendants": true
        },
        {
          "isExcluded": false,
          "concept": {
            "INVALID_REASON_CAPTION": "Valid",
            "CONCEPT_ID": 4311023,
            "STANDARD_CONCEPT": "S",
            "CONCEPT_CODE": "392168001",
            "VOCABULARY_ID": "SNOMED",
            "CONCEPT_NAME": "Revision of stoma of trachea",
            "DOMAIN_ID": "Procedure",
            "STANDARD_CONCEPT_CAPTION": "Standard",
            "CONCEPT_CLASS_ID": "Procedure",
            "INVALID_REASON": "V"
          },
          "includeMapped": false,
          "includeDescendants": true
        },
        {
          "isExcluded": false,
          "concept": {
            "INVALID_REASON_CAPTION": "Valid",
            "CONCEPT_ID": 4195473,
            "STANDARD_CONCEPT": "S",
            "CONCEPT_CODE": "43988005",
            "VOCABULARY_ID": "SNOMED",
            "CONCEPT_NAME": "Temporary tracheostomy",
            "DOMAIN_ID": "Procedure",
            "STANDARD_CONCEPT_CAPTION": "Standard",
            "CONCEPT_CLASS_ID": "Procedure",
            "INVALID_REASON": "V"
          },
          "includeMapped": false,
          "includeDescendants": true
        },
        {
          "isExcluded": false,
          "concept": {
            "INVALID_REASON_CAPTION": "Valid",
            "CONCEPT_ID": 4208093,
            "STANDARD_CONCEPT": "S",
            "CONCEPT_CODE": "55622001",
            "VOCABULARY_ID": "SNOMED",
            "CONCEPT_NAME": "Tracheostomy, emergency procedure by transtracheal approach",
            "DOMAIN_ID": "Procedure",
            "STANDARD_CONCEPT_CAPTION": "Standard",
            "CONCEPT_CLASS_ID": "Procedure",
            "INVALID_REASON": "V"
          },
          "includeMapped": false,
          "includeDescendants": true
        },
        {
          "isExcluded": true,
          "concept": {
            "INVALID_REASON_CAPTION": "Valid",
            "CONCEPT_ID": 2110486,
            "STANDARD_CONCEPT": "S",
            "CONCEPT_CODE": "61576",
            "VOCABULARY_ID": "CPT4",
            "CONCEPT_NAME": "Transoral approach to skull base, brain stem or upper spinal cord for biopsy, decompression or excision of lesion; requiring splitting of tongue and/or mandible (including tracheostomy)",
            "DOMAIN_ID": "Procedure",
            "STANDARD_CONCEPT_CAPTION": "Standard",
            "CONCEPT_CLASS_ID": "CPT4",
            "INVALID_REASON": "V"
          },
          "includeMapped": false,
          "includeDescendants": true
        }
      ]},
      "name": "[COVID19 v1] tracheostomy",
      "id": 6
    },
    {
      "expression": {"items": [
        {
          "isExcluded": false,
          "concept": {
            "INVALID_REASON_CAPTION": "Valid",
            "CONCEPT_ID": 4338595,
            "STANDARD_CONCEPT": "S",
            "CONCEPT_CODE": "232969009",
            "VOCABULARY_ID": "SNOMED",
            "CONCEPT_NAME": "Cardiac support using extracorporeal membrane oxygenation circuitry",
            "DOMAIN_ID": "Procedure",
            "STANDARD_CONCEPT_CAPTION": "Standard",
            "CONCEPT_CLASS_ID": "Procedure",
            "INVALID_REASON": "V"
          },
          "includeMapped": false,
          "includeDescendants": false
        },
        {
          "isExcluded": false,
          "concept": {
            "INVALID_REASON_CAPTION": "Valid",
            "CONCEPT_ID": 2787821,
            "STANDARD_CONCEPT": "S",
            "CONCEPT_CODE": "5A05221",
            "VOCABULARY_ID": "ICD10PCS",
            "CONCEPT_NAME": "Extracorporeal Hyperbaric Oxygenation, Continuous",
            "DOMAIN_ID": "Procedure",
            "STANDARD_CONCEPT_CAPTION": "Standard",
            "CONCEPT_CLASS_ID": "ICD10PCS",
            "INVALID_REASON": "V"
          },
          "includeMapped": false,
          "includeDescendants": false
        },
        {
          "isExcluded": false,
          "concept": {
            "INVALID_REASON_CAPTION": "Valid",
            "CONCEPT_ID": 46257586,
            "STANDARD_CONCEPT": "C",
            "CONCEPT_CODE": "1021846",
            "VOCABULARY_ID": "CPT4",
            "CONCEPT_NAME": "Extracorporeal Membrane Oxygenation or Extracorporeal Life Support Services and Procedures",
            "DOMAIN_ID": "Procedure",
            "STANDARD_CONCEPT_CAPTION": "Classification",
            "CONCEPT_CLASS_ID": "CPT4 Hierarchy",
            "INVALID_REASON": "V"
          },
          "includeMapped": false,
          "includeDescendants": true
        },
        {
          "isExcluded": false,
          "concept": {
            "INVALID_REASON_CAPTION": "Valid",
            "CONCEPT_ID": 1531632,
            "STANDARD_CONCEPT": "S",
            "CONCEPT_CODE": "5A1522F",
            "VOCABULARY_ID": "ICD10PCS",
            "CONCEPT_NAME": "Extracorporeal Oxygenation, Membrane, Central",
            "DOMAIN_ID": "Procedure",
            "STANDARD_CONCEPT_CAPTION": "Standard",
            "CONCEPT_CLASS_ID": "ICD10PCS",
            "INVALID_REASON": "V"
          },
          "includeMapped": false,
          "includeDescendants": false
        },
        {
          "isExcluded": false,
          "concept": {
            "INVALID_REASON_CAPTION": "Valid",
            "CONCEPT_ID": 1531631,
            "STANDARD_CONCEPT": "S",
            "CONCEPT_CODE": "5A1522G",
            "VOCABULARY_ID": "ICD10PCS",
            "CONCEPT_NAME": "Extracorporeal Oxygenation, Membrane, Peripheral Veno-arterial",
            "DOMAIN_ID": "Procedure",
            "STANDARD_CONCEPT_CAPTION": "Standard",
            "CONCEPT_CLASS_ID": "ICD10PCS",
            "INVALID_REASON": "V"
          },
          "includeMapped": false,
          "includeDescendants": false
        },
        {
          "isExcluded": false,
          "concept": {
            "INVALID_REASON_CAPTION": "Valid",
            "CONCEPT_ID": 1531630,
            "STANDARD_CONCEPT": "S",
            "CONCEPT_CODE": "5A1522H",
            "VOCABULARY_ID": "ICD10PCS",
            "CONCEPT_NAME": "Extracorporeal Oxygenation, Membrane, Peripheral Veno-venous",
            "DOMAIN_ID": "Procedure",
            "STANDARD_CONCEPT_CAPTION": "Standard",
            "CONCEPT_CLASS_ID": "ICD10PCS",
            "INVALID_REASON": "V"
          },
          "includeMapped": false,
          "includeDescendants": false
        },
        {
          "isExcluded": false,
          "concept": {
            "INVALID_REASON_CAPTION": "Valid",
            "CONCEPT_ID": 2787820,
            "STANDARD_CONCEPT": "S",
            "CONCEPT_CODE": "5A0512C",
            "VOCABULARY_ID": "ICD10PCS",
            "CONCEPT_NAME": "Extracorporeal Supersaturated Oxygenation, Intermittent",
            "DOMAIN_ID": "Procedure",
            "STANDARD_CONCEPT_CAPTION": "Standard",
            "CONCEPT_CLASS_ID": "ICD10PCS",
            "INVALID_REASON": "V"
          },
          "includeMapped": false,
          "includeDescendants": false
        },
        {
          "isExcluded": false,
          "concept": {
            "INVALID_REASON_CAPTION": "Valid",
            "CONCEPT_ID": 44515635,
            "STANDARD_CONCEPT": "N",
            "CONCEPT_CODE": "X58.1",
            "VOCABULARY_ID": "OPCS4",
            "CONCEPT_NAME": "Extracorporeal membrane oxygenation",
            "DOMAIN_ID": "Procedure",
            "STANDARD_CONCEPT_CAPTION": "Non-Standard",
            "CONCEPT_CLASS_ID": "Procedure",
            "INVALID_REASON": "V"
          },
          "includeMapped": false,
          "includeDescendants": true
        },
        {
          "isExcluded": false,
          "concept": {
            "INVALID_REASON_CAPTION": "Valid",
            "CONCEPT_ID": 4052536,
            "STANDARD_CONCEPT": "S",
            "CONCEPT_CODE": "233573008",
            "VOCABULARY_ID": "SNOMED",
            "CONCEPT_NAME": "Extracorporeal membrane oxygenation",
            "DOMAIN_ID": "Procedure",
            "STANDARD_CONCEPT_CAPTION": "Standard",
            "CONCEPT_CLASS_ID": "Procedure",
            "INVALID_REASON": "V"
          },
          "includeMapped": false,
          "includeDescendants": true
        },
        {
          "isExcluded": false,
          "concept": {
            "INVALID_REASON_CAPTION": "Valid",
            "CONCEPT_ID": 2002247,
            "STANDARD_CONCEPT": "N",
            "CONCEPT_CODE": "39.65",
            "VOCABULARY_ID": "ICD9Proc",
            "CONCEPT_NAME": "Extracorporeal membrane oxygenation [ECMO]",
            "DOMAIN_ID": "Procedure",
            "STANDARD_CONCEPT_CAPTION": "Non-Standard",
            "CONCEPT_CLASS_ID": "4-dig billing code",
            "INVALID_REASON": "V"
          },
          "includeMapped": false,
          "includeDescendants": true
        },
        {
          "isExcluded": false,
          "concept": {
            "INVALID_REASON_CAPTION": "Valid",
            "CONCEPT_ID": 44811012,
            "STANDARD_CONCEPT": "S",
            "CONCEPT_CODE": "862791000000106",
            "VOCABULARY_ID": "SNOMED",
            "CONCEPT_NAME": "Fluoroscopy guided percutaneous insertion of cannula for extracorporeal membrane oxygenation",
            "DOMAIN_ID": "Procedure",
            "STANDARD_CONCEPT_CAPTION": "Standard",
            "CONCEPT_CLASS_ID": "Procedure",
            "INVALID_REASON": "V"
          },
          "includeMapped": false,
          "includeDescendants": false
        }
      ]},
      "name": "[Covid19 v1] Extracorporeal membrane oxygenation (ECMO) procedure",
      "id": 7
    }
  ],
  "EndStrategy": {"DateOffset": {
    "DateField": "StartDate",
    "Offset": 1
  }},
  "cdmVersionRange": ">=5.0.0",
  "CensoringCriteria": [],
  "AdditionalCriteria": {
    "CriteriaList": [{
      "RestrictVisit": false,
      "StartWindow": {
        "UseEventEnd": false,
        "Start": {
          "Days": null,
          "Coeff": -1
        },
        "End": {
          "Days": 0,
          "Coeff": 1
        },
        "UseIndexEnd": false
      },
      "IgnoreObservationPeriod": false,
      "EndWindow": {
        "UseEventEnd": true,
        "Start": {
          "Days": 0,
          "Coeff": -1
        },
        "End": {
          "Days": null,
          "Coeff": 1
        },
        "UseIndexEnd": false
      },
      "Criteria": {"VisitOccurrence": {
        "OccurrenceEndDate": null,
        "VisitLength": null,
        "CorrelatedCriteria": null,
        "VisitSourceConcept": null,
        "CodesetId": 4,
        "VisitTypeExclude": false,
        "ProviderSpecialty": null,
        "Gender": null,
        "PlaceOfServiceLocation": null,
        "PlaceOfService": null,
        "VisitType": null,
        "First": null,
        "OccurrenceStartDate": null,
        "Age": null
      }},
      "Occurrence": {
        "Type": 2,
        "IsDistinct": false,
        "Count": 1
      }
    }],
    "Type": "ALL",
    "DemographicCriteriaList": [],
    "Groups": [],
    "Count": null
  },
  "QualifiedLimit": {"Type": "All"},
  "InclusionRules": [],
  "PrimaryCriteria": {
    "CriteriaList": [
      {"ProcedureOccurrence": {
        "ProcedureType": null,
        "CorrelatedCriteria": null,
        "CodesetId": 5,
        "ProcedureSourceConcept": null,
        "Quantity": null,
        "ProviderSpecialty": null,
        "Gender": null,
        "ProcedureTypeExclude": false,
        "VisitType": null,
        "First": null,
        "OccurrenceStartDate": null,
        "Modifier": null,
        "Age": null
      }},
      {"ProcedureOccurrence": {
        "ProcedureType": null,
        "CorrelatedCriteria": null,
        "CodesetId": 7,
        "ProcedureSourceConcept": null,
        "Quantity": null,
        "ProviderSpecialty": null,
        "Gender": null,
        "ProcedureTypeExclude": false,
        "VisitType": null,
        "First": null,
        "OccurrenceStartDate": null,
        "Modifier": null,
        "Age": null
      }},
      {"ProcedureOccurrence": {
        "ProcedureType": null,
        "CorrelatedCriteria": null,
        "CodesetId": 6,
        "ProcedureSourceConcept": null,
        "Quantity": null,
        "ProviderSpecialty": null,
        "Gender": null,
        "ProcedureTypeExclude": false,
        "VisitType": null,
        "First": null,
        "OccurrenceStartDate": null,
        "Modifier": null,
        "Age": null
      }},
      {"Measurement": {
        "Operator": null,
        "RangeHigh": null,
        "MeasurementTypeExclude": false,
        "ValueAsConcept": null,
        "CorrelatedCriteria": null,
        "RangeHighRatio": null,
        "CodesetId": 5,
        "ProviderSpecialty": null,
        "Gender": null,
        "Unit": null,
        "RangeLowRatio": null,
        "MeasurementType": null,
        "MeasurementSourceConcept": null,
        "VisitType": null,
        "ValueAsNumber": null,
        "First": null,
        "OccurrenceStartDate": null,
        "RangeLow": null,
        "Abnormal": null,
        "Age": null
      }},
      {"Observation": {
        "ValueAsConcept": null,
        "ObservationType": null,
        "CorrelatedCriteria": null,
        "ObservationTypeExclude": false,
        "ValueAsString": null,
        "CodesetId": 5,
        "ProviderSpecialty": null,
        "Gender": null,
        "Unit": null,
        "ObservationSourceConcept": null,
        "VisitType": null,
        "ValueAsNumber": null,
        "Qualifier": null,
        "First": null,
        "OccurrenceStartDate": null,
        "Age": null
      }}
    ],
    "PrimaryCriteriaLimit": {"Type": "All"},
    "ObservationWindow": {
      "PostDays": 0,
      "PriorDays": 0
    }
  }
}