{
  "ExpressionLimit": {"Type": "First"},
  "CollapseSettings": {
    "CollapseType": "ERA",
    "EraPad": 0
  },
  "CensorWindow": {
    "StartDate": null,
    "EndDate": null
  },
  "ConceptSets": [
    {
      "expression": {"items": [{
        "isExcluded": false,
        "concept": {
          "INVALID_REASON_CAPTION": "Unknown",
          "CONCEPT_ID": 37311061,
          "STANDARD_CONCEPT": "S",
          "CONCEPT_CODE": "840539006",
          "VOCABULARY_ID": "SNOMED",
          "CONCEPT_NAME": "Disease caused by severe acute respiratory syndrome coronavirus 2",
          "DOMAIN_ID": "Condition",
          "STANDARD_CONCEPT_CAPTION": "Standard",
          "CONCEPT_CLASS_ID": "Clinical Finding",
          "INVALID_REASON": null
        },
        "includeMapped": false,
        "includeDescendants": true
      }]},
      "name": "COVID-19 (including asymptomatic)",
      "id": 0
    },
    {
      "expression": {"items": [{
        "isExcluded": false,
        "concept": {
          "INVALID_REASON_CAPTION": "Unknown",
          "CONCEPT_ID": 37310282,
          "STANDARD_CONCEPT": "S",
          "CONCEPT_CODE": "1240581000000104",
          "VOCABULARY_ID": "SNOMED",
          "CONCEPT_NAME": "2019 novel coronavirus detected",
          "DOMAIN_ID": "Measurement",
          "STANDARD_CONCEPT_CAPTION": "Standard",
          "CONCEPT_CLASS_ID": "Clinical Finding",
          "INVALID_REASON": null
        },
        "includeMapped": false,
        "includeDescendants": true
      }]},
      "name": "COVID-19 specific testing (pre-coordinated Measurements) - Positive",
      "id": 1
    },
    {
      "expression": {"items": [
        {
          "isExcluded": true,
          "concept": {
            "INVALID_REASON_CAPTION": "Unknown",
            "CONCEPT_ID": 37310282,
            "STANDARD_CONCEPT": "S",
            "CONCEPT_CODE": "1240581000000104",
            "VOCABULARY_ID": "SNOMED",
            "CONCEPT_NAME": "2019 novel coronavirus detected",
            "DOMAIN_ID": "Measurement",
            "STANDARD_CONCEPT_CAPTION": "Standard",
            "CONCEPT_CLASS_ID": "Clinical Finding",
            "INVALID_REASON": null
          },
          "includeMapped": false,
          "includeDescendants": true
        },
        {
          "isExcluded": true,
          "concept": {
            "INVALID_REASON_CAPTION": "Unknown",
            "CONCEPT_ID": 37310281,
            "STANDARD_CONCEPT": "S",
            "CONCEPT_CODE": "1240591000000102",
            "VOCABULARY_ID": "SNOMED",
            "CONCEPT_NAME": "2019 novel coronavirus not detected",
            "DOMAIN_ID": "Measurement",
            "STANDARD_CONCEPT_CAPTION": "Standard",
            "CONCEPT_CLASS_ID": "Clinical Finding",
            "INVALID_REASON": null
          },
          "includeMapped": false,
          "includeDescendants": true
        },
        {
          "isExcluded": false,
          "concept": {
            "INVALID_REASON_CAPTION": "Unknown",
            "CONCEPT_ID": 756055,
            "STANDARD_CONCEPT": "S",
            "CONCEPT_CODE": "OMOP4873969",
            "VOCABULARY_ID": "OMOP Extension",
            "CONCEPT_NAME": "Measurement of severe acute respiratory syndrome coronavirus 2",
            "DOMAIN_ID": "Measurement",
            "STANDARD_CONCEPT_CAPTION": "Standard",
            "CONCEPT_CLASS_ID": "Procedure",
            "INVALID_REASON": null
          },
          "includeMapped": false,
          "includeDescendants": true
        }
      ]},
      "name": "COVID-19 specific testing (pre-coordinated Measurements excluded)",
      "id": 2
    },
    {
      "expression": {"items": [
        {
          "isExcluded": false,
          "concept": {
            "INVALID_REASON_CAPTION": "Unknown",
            "CONCEPT_ID": 710158,
            "STANDARD_CONCEPT": null,
            "CONCEPT_CODE": "U07.100",
            "VOCABULARY_ID": "ICD10CN",
            "CONCEPT_NAME": "COVID-19 (machine translation)",
            "DOMAIN_ID": "Observation",
            "STANDARD_CONCEPT_CAPTION": "Unknown",
            "CONCEPT_CLASS_ID": "ICD10 code",
            "INVALID_REASON": null
          },
          "includeMapped": false,
          "includeDescendants": false
        },
        {
          "isExcluded": false,
          "concept": {
            "INVALID_REASON_CAPTION": "Unknown",
            "CONCEPT_ID": 710155,
            "STANDARD_CONCEPT": null,
            "CONCEPT_CODE": "U07.100x003",
            "VOCABULARY_ID": "ICD10CN",
            "CONCEPT_NAME": "COVID-19 pneumonia (machine translation)",
            "DOMAIN_ID": "Observation",
            "STANDARD_CONCEPT_CAPTION": "Unknown",
            "CONCEPT_CLASS_ID": "ICD10 code",
            "INVALID_REASON": null
          },
          "includeMapped": false,
          "includeDescendants": false
        },
        {
          "isExcluded": false,
          "concept": {
            "INVALID_REASON_CAPTION": "Unknown",
            "CONCEPT_ID": 710156,
            "STANDARD_CONCEPT": null,
            "CONCEPT_CODE": "U07.100x001",
            "VOCABULARY_ID": "ICD10CN",
            "CONCEPT_NAME": "COVID-19 pneumonia (machine translation)",
            "DOMAIN_ID": "Observation",
            "STANDARD_CONCEPT_CAPTION": "Unknown",
            "CONCEPT_CLASS_ID": "ICD10 code",
            "INVALID_REASON": null
          },
          "includeMapped": false,
          "includeDescendants": false
        },
        {
          "isExcluded": false,
          "concept": {
            "INVALID_REASON_CAPTION": "Unknown",
            "CONCEPT_ID": 710159,
            "STANDARD_CONCEPT": null,
            "CONCEPT_CODE": "U07.100x002",
            "VOCABULARY_ID": "ICD10CN",
            "CONCEPT_NAME": "Confirmed COVID-19, excluding pneumonia (machine translation)",
            "DOMAIN_ID": "Observation",
            "STANDARD_CONCEPT_CAPTION": "Unknown",
            "CONCEPT_CLASS_ID": "ICD10 code",
            "INVALID_REASON": null
          },
          "includeMapped": false,
          "includeDescendants": false
        },
        {
          "isExcluded": true,
          "concept": {
            "INVALID_REASON_CAPTION": "Valid",
            "CONCEPT_ID": 45542411,
            "STANDARD_CONCEPT": "N",
            "CONCEPT_CODE": "Z20.828",
            "VOCABULARY_ID": "ICD10CM",
            "CONCEPT_NAME": "Contact with and (suspected) exposure to other viral communicable diseases",
            "DOMAIN_ID": "Observation",
            "STANDARD_CONCEPT_CAPTION": "Non-Standard",
            "CONCEPT_CLASS_ID": "6-char billing code",
            "INVALID_REASON": "V"
          },
          "includeMapped": false,
          "includeDescendants": false
        },
        {
          "isExcluded": false,
          "concept": {
            "INVALID_REASON_CAPTION": "Unknown",
            "CONCEPT_ID": 710160,
            "STANDARD_CONCEPT": null,
            "CONCEPT_CODE": "U07.1",
            "VOCABULARY_ID": "ICD10CN",
            "CONCEPT_NAME": "Emergency use of U07.1 | Disease caused by severe acute respiratory syndrome coronavirus 2",
            "DOMAIN_ID": "Observation",
            "STANDARD_CONCEPT_CAPTION": "Unknown",
            "CONCEPT_CLASS_ID": "ICD10 code",
            "INVALID_REASON": null
          },
          "includeMapped": false,
          "includeDescendants": false
        },
        {
          "isExcluded": false,
          "concept": {
            "INVALID_REASON_CAPTION": "Valid",
            "CONCEPT_ID": 45756093,
            "STANDARD_CONCEPT": "N",
            "CONCEPT_CODE": "U07.1",
            "VOCABULARY_ID": "ICD10",
            "CONCEPT_NAME": "Emergency use of U07.1",
            "DOMAIN_ID": "Condition",
            "STANDARD_CONCEPT_CAPTION": "Non-Standard",
            "CONCEPT_CLASS_ID": "ICD10 code",
            "INVALID_REASON": "V"
          },
          "includeMapped": false,
          "includeDescendants": false
        },
        {
          "isExcluded": false,
          "concept": {
            "INVALID_REASON_CAPTION": "Unknown",
            "CONCEPT_ID": 42501115,
            "STANDARD_CONCEPT": null,
            "CONCEPT_CODE": "U07.1",
            "VOCABULARY_ID": "KCD7",
            "CONCEPT_NAME": "Emergency use of U07.1 | Disease caused by severe acute respiratory syndrome coronavirus 2",
            "DOMAIN_ID": "Condition",
            "STANDARD_CONCEPT_CAPTION": "Unknown",
            "CONCEPT_CLASS_ID": "KCD7 code",
            "INVALID_REASON": null
          },
          "includeMapped": false,
          "includeDescendants": false
        },
        {
          "isExcluded": false,
          "concept": {
            "INVALID_REASON_CAPTION": "Unknown",
            "CONCEPT_ID": 586414,
            "STANDARD_CONCEPT": null,
            "CONCEPT_CODE": "U18.1",
            "VOCABULARY_ID": "KCD7",
            "CONCEPT_NAME": "Novel coronavirus infection",
            "DOMAIN_ID": "Condition",
            "STANDARD_CONCEPT_CAPTION": "Unknown",
            "CONCEPT_CLASS_ID": "KCD7 code",
            "INVALID_REASON": null
          },
          "includeMapped": false,
          "includeDescendants": false
        },
        {
          "isExcluded": false,
          "concept": {
            "INVALID_REASON_CAPTION": "Valid",
            "CONCEPT_ID": 45600471,
            "STANDARD_CONCEPT": "N",
            "CONCEPT_CODE": "B97.29",
            "VOCABULARY_ID": "ICD10CM",
            "CONCEPT_NAME": "Other coronavirus as the cause of diseases classified elsewhere",
            "DOMAIN_ID": "Condition",
            "STANDARD_CONCEPT_CAPTION": "Non-Standard",
            "CONCEPT_CLASS_ID": "5-char billing code",
            "INVALID_REASON": "V"
          },
          "includeMapped": false,
          "includeDescendants": false
        },
        {
          "isExcluded": false,
          "concept": {
            "INVALID_REASON_CAPTION": "Unknown",
            "CONCEPT_ID": 586415,
            "STANDARD_CONCEPT": null,
            "CONCEPT_CODE": "U18",
            "VOCABULARY_ID": "KCD7",
            "CONCEPT_NAME": "Provisional assignment of new diseases or emergency use",
            "DOMAIN_ID": "Condition",
            "STANDARD_CONCEPT_CAPTION": "Unknown",
            "CONCEPT_CLASS_ID": "KCD7 code",
            "INVALID_REASON": null
          },
          "includeMapped": false,
          "includeDescendants": false
        },
        {
          "isExcluded": true,
          "concept": {
            "INVALID_REASON_CAPTION": "Unknown",
            "CONCEPT_ID": 710157,
            "STANDARD_CONCEPT": null,
            "CONCEPT_CODE": "Z03.800x001",
            "VOCABULARY_ID": "ICD10CN",
            "CONCEPT_NAME": "Suspected case of COVID-19 (machine translation)",
            "DOMAIN_ID": "Condition",
            "STANDARD_CONCEPT_CAPTION": "Unknown",
            "CONCEPT_CLASS_ID": "ICD10 code",
            "INVALID_REASON": null
          },
          "includeMapped": false,
          "includeDescendants": false
        }
      ]},
      "name": "COVID-19 source codes",
      "id": 3
    },
    {
      "expression": {"items": [
        {
          "isExcluded": false,
          "concept": {
            "INVALID_REASON_CAPTION": "Valid",
            "CONCEPT_ID": 9203,
            "STANDARD_CONCEPT": "S",
            "CONCEPT_CODE": "ER",
            "VOCABULARY_ID": "Visit",
            "CONCEPT_NAME": "Emergency Room Visit",
            "DOMAIN_ID": "Visit",
            "STANDARD_CONCEPT_CAPTION": "Standard",
            "CONCEPT_CLASS_ID": "Visit",
            "INVALID_REASON": "V"
          },
          "includeMapped": false,
          "includeDescendants": false
        },
        {
          "isExcluded": false,
          "concept": {
            "INVALID_REASON_CAPTION": "Valid",
            "CONCEPT_ID": 9201,
            "STANDARD_CONCEPT": "S",
            "CONCEPT_CODE": "IP",
            "VOCABULARY_ID": "Visit",
            "CONCEPT_NAME": "Inpatient Visit",
            "DOMAIN_ID": "Visit",
            "STANDARD_CONCEPT_CAPTION": "Standard",
            "CONCEPT_CLASS_ID": "Visit",
            "INVALID_REASON": "V"
          },
          "includeMapped": false,
          "includeDescendants": false
        },
        {
          "isExcluded": false,
          "concept": {
            "INVALID_REASON_CAPTION": "Valid",
            "CONCEPT_ID": 262,
            "STANDARD_CONCEPT": "S",
            "CONCEPT_CODE": "ERIP",
            "VOCABULARY_ID": "Visit",
            "CONCEPT_NAME": "Emergency Room and Inpatient Visit",
            "DOMAIN_ID": "Visit",
            "STANDARD_CONCEPT_CAPTION": "Standard",
            "CONCEPT_CLASS_ID": "Visit",
            "INVALID_REASON": "V"
          },
          "includeMapped": false,
          "includeDescendants": false
        }
      ]},
      "name": "inpatient visit",
      "id": 21
    },
    {
      "expression": {"items": [{
        "isExcluded": false,
        "concept": {
          "INVALID_REASON_CAPTION": "Valid",
          "CONCEPT_ID": 953076,
          "STANDARD_CONCEPT": "S",
          "CONCEPT_CODE": "4278",
          "VOCABULARY_ID": "RxNorm",
          "CONCEPT_NAME": "Famotidine",
          "DOMAIN_ID": "Drug",
          "STANDARD_CONCEPT_CAPTION": "Standard",
          "CONCEPT_CLASS_ID": "Ingredient",
          "INVALID_REASON": "V"
        },
        "includeMapped": false,
        "includeDescendants": true
      }]},
      "name": "famotidine",
      "id": 22
    },
    {
      "expression": {"items": [{
        "isExcluded": false,
        "concept": {
          "INVALID_REASON_CAPTION": "Valid",
          "CONCEPT_ID": 997276,
          "STANDARD_CONCEPT": "S",
          "CONCEPT_CODE": "2541",
          "VOCABULARY_ID": "RxNorm",
          "CONCEPT_NAME": "Cimetidine",
          "DOMAIN_ID": "Drug",
          "STANDARD_CONCEPT_CAPTION": "Standard",
          "CONCEPT_CLASS_ID": "Ingredient",
          "INVALID_REASON": "V"
        },
        "includeMapped": false,
        "includeDescendants": true
      }]},
      "name": "cimetidine",
      "id": 23
    },
    {
      "expression": {"items": [{
        "isExcluded": false,
        "concept": {
          "INVALID_REASON_CAPTION": "Valid",
          "CONCEPT_ID": 950696,
          "STANDARD_CONCEPT": "S",
          "CONCEPT_CODE": "42319",
          "VOCABULARY_ID": "RxNorm",
          "CONCEPT_NAME": "Nizatidine",
          "DOMAIN_ID": "Drug",
          "STANDARD_CONCEPT_CAPTION": "Standard",
          "CONCEPT_CLASS_ID": "Ingredient",
          "INVALID_REASON": "V"
        },
        "includeMapped": false,
        "includeDescendants": true
      }]},
      "name": "nizatidine",
      "id": 24
    },
    {
      "expression": {"items": [{
        "isExcluded": false,
        "concept": {
          "INVALID_REASON_CAPTION": "Valid",
          "CONCEPT_ID": 961047,
          "STANDARD_CONCEPT": "S",
          "CONCEPT_CODE": "9143",
          "VOCABULARY_ID": "RxNorm",
          "CONCEPT_NAME": "Ranitidine",
          "DOMAIN_ID": "Drug",
          "STANDARD_CONCEPT_CAPTION": "Standard",
          "CONCEPT_CLASS_ID": "Ingredient",
          "INVALID_REASON": "V"
        },
        "includeMapped": false,
        "includeDescendants": true
      }]},
      "name": "ranitidine",
      "id": 25
    },
    {
      "expression": {"items": [{
        "isExcluded": false,
        "concept": {
          "INVALID_REASON_CAPTION": "Valid",
          "CONCEPT_ID": 948078,
          "STANDARD_CONCEPT": "S",
          "CONCEPT_CODE": "40790",
          "VOCABULARY_ID": "RxNorm",
          "CONCEPT_NAME": "pantoprazole",
          "DOMAIN_ID": "Drug",
          "STANDARD_CONCEPT_CAPTION": "Standard",
          "CONCEPT_CLASS_ID": "Ingredient",
          "INVALID_REASON": "V"
        },
        "includeMapped": false,
        "includeDescendants": true
      }]},
      "name": "pantoprazole",
      "id": 26
    },
    {
      "expression": {"items": [{
        "isExcluded": false,
        "concept": {
          "INVALID_REASON_CAPTION": "Valid",
          "CONCEPT_ID": 904453,
          "STANDARD_CONCEPT": "S",
          "CONCEPT_CODE": "283742",
          "VOCABULARY_ID": "RxNorm",
          "CONCEPT_NAME": "Esomeprazole",
          "DOMAIN_ID": "Drug",
          "STANDARD_CONCEPT_CAPTION": "Standard",
          "CONCEPT_CLASS_ID": "Ingredient",
          "INVALID_REASON": "V"
        },
        "includeMapped": false,
        "includeDescendants": true
      }]},
      "name": "esomeprazole",
      "id": 27
    },
    {
      "expression": {"items": [{
        "isExcluded": false,
        "concept": {
          "INVALID_REASON_CAPTION": "Valid",
          "CONCEPT_ID": 43009003,
          "STANDARD_CONCEPT": "S",
          "CONCEPT_CODE": "OMOP4700429",
          "VOCABULARY_ID": "RxNorm Extension",
          "CONCEPT_NAME": "lafutidine",
          "DOMAIN_ID": "Drug",
          "STANDARD_CONCEPT_CAPTION": "Standard",
          "CONCEPT_CLASS_ID": "Ingredient",
          "INVALID_REASON": "V"
        },
        "includeMapped": false,
        "includeDescendants": true
      }]},
      "name": "lafutidine",
      "id": 28
    },
    {
      "expression": {"items": [
        {
          "isExcluded": false,
          "concept": {
            "INVALID_REASON_CAPTION": "Valid",
            "CONCEPT_ID": 904453,
            "STANDARD_CONCEPT": "S",
            "CONCEPT_CODE": "283742",
            "VOCABULARY_ID": "RxNorm",
            "CONCEPT_NAME": "Esomeprazole",
            "DOMAIN_ID": "Drug",
            "STANDARD_CONCEPT_CAPTION": "Standard",
            "CONCEPT_CLASS_ID": "Ingredient",
            "INVALID_REASON": "V"
          },
          "includeMapped": false,
          "includeDescendants": true
        },
        {
          "isExcluded": false,
          "concept": {
            "INVALID_REASON_CAPTION": "Valid",
            "CONCEPT_ID": 948078,
            "STANDARD_CONCEPT": "S",
            "CONCEPT_CODE": "40790",
            "VOCABULARY_ID": "RxNorm",
            "CONCEPT_NAME": "pantoprazole",
            "DOMAIN_ID": "Drug",
            "STANDARD_CONCEPT_CAPTION": "Standard",
            "CONCEPT_CLASS_ID": "Ingredient",
            "INVALID_REASON": "V"
          },
          "includeMapped": false,
          "includeDescendants": true
        },
        {
          "isExcluded": false,
          "concept": {
            "INVALID_REASON_CAPTION": "Valid",
            "CONCEPT_ID": 929887,
            "STANDARD_CONCEPT": "S",
            "CONCEPT_CODE": "17128",
            "VOCABULARY_ID": "RxNorm",
            "CONCEPT_NAME": "lansoprazole",
            "DOMAIN_ID": "Drug",
            "STANDARD_CONCEPT_CAPTION": "Standard",
            "CONCEPT_CLASS_ID": "Ingredient",
            "INVALID_REASON": "V"
          },
          "includeMapped": false,
          "includeDescendants": true
        },
        {
          "isExcluded": false,
          "concept": {
            "INVALID_REASON_CAPTION": "Valid",
            "CONCEPT_ID": 911735,
            "STANDARD_CONCEPT": "S",
            "CONCEPT_CODE": "114979",
            "VOCABULARY_ID": "RxNorm",
            "CONCEPT_NAME": "rabeprazole",
            "DOMAIN_ID": "Drug",
            "STANDARD_CONCEPT_CAPTION": "Standard",
            "CONCEPT_CLASS_ID": "Ingredient",
            "INVALID_REASON": "V"
          },
          "includeMapped": false,
          "includeDescendants": true
        },
        {
          "isExcluded": false,
          "concept": {
            "INVALID_REASON_CAPTION": "Valid",
            "CONCEPT_ID": 923645,
            "STANDARD_CONCEPT": "S",
            "CONCEPT_CODE": "7646",
            "VOCABULARY_ID": "RxNorm",
            "CONCEPT_NAME": "Omeprazole",
            "DOMAIN_ID": "Drug",
            "STANDARD_CONCEPT_CAPTION": "Standard",
            "CONCEPT_CLASS_ID": "Ingredient",
            "INVALID_REASON": "V"
          },
          "includeMapped": false,
          "includeDescendants": true
        },
        {
          "isExcluded": false,
          "concept": {
            "INVALID_REASON_CAPTION": "Valid",
            "CONCEPT_ID": 43009052,
            "STANDARD_CONCEPT": "S",
            "CONCEPT_CODE": "OMOP4700478",
            "VOCABULARY_ID": "RxNorm Extension",
            "CONCEPT_NAME": "ilaprazole",
            "DOMAIN_ID": "Drug",
            "STANDARD_CONCEPT_CAPTION": "Standard",
            "CONCEPT_CLASS_ID": "Ingredient",
            "INVALID_REASON": "V"
          },
          "includeMapped": false,
          "includeDescendants": true
        },
        {
          "isExcluded": false,
          "concept": {
            "INVALID_REASON_CAPTION": "Valid",
            "CONCEPT_ID": 19039926,
            "STANDARD_CONCEPT": "S",
            "CONCEPT_CODE": "816346",
            "VOCABULARY_ID": "RxNorm",
            "CONCEPT_NAME": "dexlansoprazole",
            "DOMAIN_ID": "Drug",
            "STANDARD_CONCEPT_CAPTION": "Standard",
            "CONCEPT_CLASS_ID": "Ingredient",
            "INVALID_REASON": "V"
          },
          "includeMapped": false,
          "includeDescendants": true
        }
      ]},
      "name": "PPI",
      "id": 29
    },
    {
      "expression": {"items": [
        {
          "isExcluded": false,
          "concept": {
            "INVALID_REASON_CAPTION": "Valid",
            "CONCEPT_ID": 961047,
            "STANDARD_CONCEPT": "S",
            "CONCEPT_CODE": "9143",
            "VOCABULARY_ID": "RxNorm",
            "CONCEPT_NAME": "Ranitidine",
            "DOMAIN_ID": "Drug",
            "STANDARD_CONCEPT_CAPTION": "Standard",
            "CONCEPT_CLASS_ID": "Ingredient",
            "INVALID_REASON": "V"
          },
          "includeMapped": false,
          "includeDescendants": true
        },
        {
          "isExcluded": false,
          "concept": {
            "INVALID_REASON_CAPTION": "Valid",
            "CONCEPT_ID": 997276,
            "STANDARD_CONCEPT": "S",
            "CONCEPT_CODE": "2541",
            "VOCABULARY_ID": "RxNorm",
            "CONCEPT_NAME": "Cimetidine",
            "DOMAIN_ID": "Drug",
            "STANDARD_CONCEPT_CAPTION": "Standard",
            "CONCEPT_CLASS_ID": "Ingredient",
            "INVALID_REASON": "V"
          },
          "includeMapped": false,
          "includeDescendants": true
        },
        {
          "isExcluded": false,
          "concept": {
            "INVALID_REASON_CAPTION": "Valid",
            "CONCEPT_ID": 953076,
            "STANDARD_CONCEPT": "S",
            "CONCEPT_CODE": "4278",
            "VOCABULARY_ID": "RxNorm",
            "CONCEPT_NAME": "Famotidine",
            "DOMAIN_ID": "Drug",
            "STANDARD_CONCEPT_CAPTION": "Standard",
            "CONCEPT_CLASS_ID": "Ingredient",
            "INVALID_REASON": "V"
          },
          "includeMapped": false,
          "includeDescendants": true
        },
        {
          "isExcluded": false,
          "concept": {
            "INVALID_REASON_CAPTION": "Valid",
            "CONCEPT_ID": 950696,
            "STANDARD_CONCEPT": "S",
            "CONCEPT_CODE": "42319",
            "VOCABULARY_ID": "RxNorm",
            "CONCEPT_NAME": "Nizatidine",
            "DOMAIN_ID": "Drug",
            "STANDARD_CONCEPT_CAPTION": "Standard",
            "CONCEPT_CLASS_ID": "Ingredient",
            "INVALID_REASON": "V"
          },
          "includeMapped": false,
          "includeDescendants": true
        },
        {
          "isExcluded": false,
          "concept": {
            "INVALID_REASON_CAPTION": "Valid",
            "CONCEPT_ID": 43009003,
            "STANDARD_CONCEPT": "S",
            "CONCEPT_CODE": "OMOP4700429",
            "VOCABULARY_ID": "RxNorm Extension",
            "CONCEPT_NAME": "lafutidine",
            "DOMAIN_ID": "Drug",
            "STANDARD_CONCEPT_CAPTION": "Standard",
            "CONCEPT_CLASS_ID": "Ingredient",
            "INVALID_REASON": "V"
          },
          "includeMapped": false,
          "includeDescendants": true
        }
      ]},
      "name": "non-PPI (H2RA)",
      "id": 30
    }
  ],
  "cdmVersionRange": ">=5.0.0",
  "CensoringCriteria": [],
  "QualifiedLimit": {"Type": "First"},
  "InclusionRules": [
    {
      "expression": {
        "CriteriaList": [],
        "Type": "ALL",
        "DemographicCriteriaList": [{
          "Ethnicity": null,
          "OccurrenceEndDate": null,
          "Race": null,
          "Gender": null,
          "OccurrenceStartDate": null,
          "Age": {
            "Op": "gte",
            "Extent": null,
            "Value": 18
          }
        }],
        "Groups": [],
        "Count": null
      },
      "name": "age >=18",
      "description": null
    },
    {
      "expression": {
        "CriteriaList": [{
          "RestrictVisit": false,
          "StartWindow": {
            "UseEventEnd": false,
            "Start": {
              "Days": null,
              "Coeff": -1
            },
            "End": {
              "Days": 180,
              "Coeff": -1
            },
            "UseIndexEnd": false
          },
          "IgnoreObservationPeriod": false,
          "EndWindow": {
            "UseEventEnd": true,
            "Start": {
              "Days": 0,
              "Coeff": -1
            },
            "End": {
              "Days": null,
              "Coeff": 1
            },
            "UseIndexEnd": true
          },
          "Criteria": {"ObservationPeriod": {
            "PeriodType": null,
            "CorrelatedCriteria": null,
            "AgeAtStart": null,
            "UserDefinedPeriod": null,
            "AgeAtEnd": null,
            "First": null,
            "PeriodEndDate": null,
            "PeriodStartDate": null,
            "PeriodLength": null
          }},
          "Occurrence": {
            "Type": 2,
            "IsDistinct": false,
            "Count": 1
          }
        }],
        "Type": "ALL",
        "DemographicCriteriaList": [],
        "Groups": [],
        "Count": null
      },
      "name": "has >=180d of prior observation",
      "description": null
    },
    {
      "expression": {
        "CriteriaList": [{
          "RestrictVisit": false,
          "StartWindow": {
            "UseEventEnd": false,
            "Start": {
              "Days": null,
              "Coeff": -1
            },
            "End": {
              "Days": 0,
              "Coeff": 1
            },
            "UseIndexEnd": false
          },
          "IgnoreObservationPeriod": false,
          "EndWindow": {
            "UseEventEnd": true,
            "Start": {
              "Days": 0,
              "Coeff": -1
            },
            "End": {
              "Days": null,
              "Coeff": 1
            },
            "UseIndexEnd": false
          },
          "Criteria": {"VisitOccurrence": {
            "OccurrenceEndDate": null,
            "VisitLength": null,
            "CorrelatedCriteria": null,
            "VisitSourceConcept": null,
            "CodesetId": 21,
            "VisitTypeExclude": false,
            "ProviderSpecialty": null,
            "Gender": null,
            "PlaceOfServiceLocation": null,
            "PlaceOfService": null,
            "VisitType": null,
            "First": null,
            "OccurrenceStartDate": null,
            "Age": null
          }},
          "Occurrence": {
            "Type": 2,
            "IsDistinct": false,
            "Count": 1
          }
        }],
        "Type": "ALL",
        "DemographicCriteriaList": [],
        "Groups": [],
        "Count": null
      },
      "name": "Inpatient",
      "description": null
    },
    {
      "expression": {
        "CriteriaList": [{
          "RestrictVisit": false,
          "StartWindow": {
            "UseEventEnd": false,
            "Start": {
              "Days": 30,
              "Coeff": -1
            },
            "End": {
              "Days": null,
              "Coeff": 1
            },
            "UseIndexEnd": false
          },
          "IgnoreObservationPeriod": false,
          "EndWindow": null,
          "Criteria": {"DrugExposure": {
            "OccurrenceEndDate": null,
            "CorrelatedCriteria": null,
            "DrugSourceConcept": null,
            "CodesetId": 29,
            "DrugTypeExclude": false,
            "Quantity": null,
            "DrugType": null,
            "ProviderSpecialty": null,
            "EffectiveDrugDose": null,
            "Gender": null,
            "DaysSupply": null,
            "DoseUnit": null,
            "VisitType": null,
            "Refills": null,
            "First": null,
            "OccurrenceStartDate": null,
            "RouteConcept": null,
            "StopReason": null,
            "LotNumber": null,
            "Age": null
          }},
          "Occurrence": {
            "Type": 0,
            "IsDistinct": false,
            "Count": 0
          }
        }],
        "Type": "ALL",
        "DemographicCriteriaList": [],
        "Groups": [],
        "Count": null
      },
      "name": "No exposure to non-PPI durgs within 30d before start-date and end-of-observation",
      "description": null
    },
    {
      "expression": {
        "CriteriaList": [{
          "RestrictVisit": false,
          "StartWindow": {
            "UseEventEnd": false,
            "Start": {
              "Days": 30,
              "Coeff": -1
            },
            "End": {
              "Days": null,
              "Coeff": 1
            },
            "UseIndexEnd": false
          },
          "IgnoreObservationPeriod": false,
          "EndWindow": null,
          "Criteria": {"DrugExposure": {
            "OccurrenceEndDate": null,
            "CorrelatedCriteria": null,
            "DrugSourceConcept": null,
            "CodesetId": 30,
            "DrugTypeExclude": false,
            "Quantity": null,
            "DrugType": null,
            "ProviderSpecialty": null,
            "EffectiveDrugDose": null,
            "Gender": null,
            "DaysSupply": null,
            "DoseUnit": null,
            "VisitType": null,
            "Refills": null,
            "First": null,
            "OccurrenceStartDate": null,
            "RouteConcept": null,
            "StopReason": null,
            "LotNumber": null,
            "Age": null
          }},
          "Occurrence": {
            "Type": 0,
            "IsDistinct": false,
            "Count": 0
          }
        }],
        "Type": "ALL",
        "DemographicCriteriaList": [],
        "Groups": [],
        "Count": null
      },
      "name": "No exposure to H2RA within 30d before start-date and end-of-observation",
      "description": null
    }
  ],
  "PrimaryCriteria": {
    "CriteriaList": [{"ConditionOccurrence": {
      "OccurrenceEndDate": null,
      "CorrelatedCriteria": null,
      "ConditionTypeExclude": false,
      "CodesetId": 0,
      "ProviderSpecialty": null,
      "Gender": null,
      "VisitType": null,
      "First": null,
      "OccurrenceStartDate": null,
      "ConditionType": null,
      "ConditionSourceConcept": null,
      "StopReason": null,
      "Age": null
    }}],
    "PrimaryCriteriaLimit": {"Type": "All"},
    "ObservationWindow": {
      "PostDays": 0,
      "PriorDays": 0
    }
  }
}